﻿Designator,Footprint,Quantity,Value,LCSC Part #
BUZZER1,BUZ-TH_BD12.0-P7.60-D0.6-FD,1,HMB1275-05B,C96491
C1,C1206,1,0.1uf,C13585
C2,C1206,1,12065C334KAT2A,C192444
"D1, D2",SOD-123F_L2.8-W1.8-LS3.7-RD,2,1N4007-C181127,C181127
J1,CONN-TH_2P-P5.00_CPC3703CTR,1,ALIMENTACION,
J3,CONN-TH_3P-P5.00_WJ128V-5.0-3P,1,fotocelda,8270
J6,CONN-TH_2P-P5.00_CPC3703CTR,1,Motor,
J7,CONN-TH_3P-P5.00_WJ128V-5.0-3P,1,Limit sw,C8270
J8,CONN-TH_2P-P5.00_CPC3703CTR,1,boton pp,
J9,CONN-TH_2P-P5.00_CPC3703CTR,1,lamp,
"K1, K2",Relay_SPDT_Finder_36.11,2,FINDER-36.11,
"LED1, LED2",LED0603-RD_RED,2,XL-1608SURC-06,C965799
"Q1, Q2, Q3, Q4",SOT-23_L2.9-W1.3-P1.90-LS2.4-BR,4,AO3400_C4748804,C4748804
R10,RES-SMD_L6.4-W3.2-1,1,RLP25FEGMR005,C393074
"R11, R13, R14",R1206,3,10k,C132649
R12,R1206,1,RC1206FR-0710KL,C132649
R15,R1206,1,1206W4J0221T5E,C25363
R16,0402,1,220,
R19,R1206,1,RC1206FR-07150RL,C137387
"R2, R6, R7, R8",R1206,4,1k,C131398
"R20, R22, R23",R1206,3,150k,C137387
"R21, R3, R5",R1206,3,RC1206FR-071KL,C131398
SW1,SW-TH_DSWB04LHGET,1,DSWB04LHGET,C99418
"SW3, SW4",SW-SMD_L3.9-W3.0-P4.45,2,botton,C720477
U2,MODULE_ESP32_DEVKIT_V1,1,ESP32-DEVKIT-V1,
U3,TO-263-2_L10.0-W9.2-P5.08-LS15.3-TL-CW,1,L7805ABD2T-TR,C86206
